,precision,recall,f1-score,support
fake,0.9065126050420168,0.8788187372708758,0.8924508790072389,982.0
real,0.8864503816793893,0.912573673870334,0.8993223620522749,1018.0
accuracy,0.896,0.896,0.896,0.896
macro avg,0.896481493360703,0.8956962055706048,0.8958866205297569,2000.0
weighted avg,0.8963009333504395,0.896,0.8959484638771621,2000.0
