,precision,recall,f1-score,support
fake,0.9731621936989499,0.8492871690427699,0.9070146818923328,982.0
real,0.8705161854768154,0.9774066797642437,0.9208699676075891,1018.0
accuracy,0.9145,0.9145,0.9145,0.9145
macro avg,0.9218391895878826,0.9133469244035068,0.913942324749961,2000.0
weighted avg,0.9209153755138835,0.9145,0.9140670223213984,2000.0
