            , precision         , recall            , f1-score          , support
fake        , 0.9338942307692307, 0.7912423625254582, 0.856670341786108 , 982.0  
real        , 0.824486301369863 , 0.9459724950884086, 0.8810612991765783, 1018.0 
accuracy    , 0.87              , 0.87              , 0.87              , 0.87   
macro avg   , 0.8791902660695469, 0.8686074288069334, 0.8688658204813431, 2000.0 
weighted avg, 0.8782055947049525, 0.87              , 0.8690853390978572, 2000.0 
