,precision,recall,f1-score,support
fake,0.9508928571428571,0.6507128309572301,0.7726723095525998,982.0
real,0.7417168674698795,0.9675834970530451,0.8397271952259164,1018.0
accuracy,0.812,0.812,0.812,0.812
macro avg,0.8463048623063683,0.8091481640051377,0.8061997523892581,2000.0
weighted avg,0.8444222783993115,0.812,0.806803246360318,2000.0
