,precision,recall,f1-score,support
fake,0.8722222222222222,0.9592668024439919,0.9136760426770126,982.0
real,0.9565217391304348,0.8644400785854617,0.9081527347781218,1018.0
accuracy,0.911,0.911,0.911,0.911
macro avg,0.9143719806763285,0.9118534405147267,0.9109143887275672,2000.0
weighted avg,0.9151306763285024,0.911,0.9108646789564772,2000.0
